rating,claude_sentiment,text,claude_summary,date
1,Negative,"Honestly, worse app and company so far; Using Roger's 1.5gb internet service and guess what? I'm not getting 1.5gb. Getting 15-20mb btwn 9 - 11pm even after resetting router. Tired of this. Used the app to get solution and when tried using Anna for help chat couldn't work. So what's the point? Why am I paying for Roger's? Already a liability with their network back in 2022","The user is experiencing poor internet speeds and network issues with Rogers, and the app is not providing a satisfactory solution or customer support.",2024-08-04 19:22:34
1,Negative,"Total incompetent thieves. Tried to add a line to my acct. They messed up the Sim chip delivery via also incompetent Purolator no-brians. I havent even received the chip yet, but they billed me an entire month of service / fees... without providing any actual service, or the Sim. They refuse to refund the months fee, or have a manager answer the phone. Strongly suggest a different cell provider. Need to terminate several wanna-be 'managers'.","The customer had a very negative experience trying to add a new line to their account, with issues related to the SIM card delivery and being billed for a month of service without receiving any actual service.",2024-07-03 12:30:32
1,Negative,pretty useless this app if you have to delete and re download everytime you want to make a simple change on your account. Ask Anna is also pretty useless. App keeps crashing.,"The app is frustratingly unreliable, requiring frequent reinstallation to make simple account changes, and the in-app assistant 'Ask Anna' is also not useful. The app also frequently crashes.",2024-06-20 14:26:17
1,Negative,"I have said it numerous times....this app is useless. Seriously a very poor A.I. software (Anna) for customers service... When did this became completely useless?...it's buggy, doesn't display information...","The reviewer finds the Rogers app and its customer service AI (Anna) to be useless, buggy, and unable to display information properly.",2024-05-30 08:23:03
1,Negative,Just updated the app now it continues to crash every time I try to use the chat with Anna.,The app crashes every time the user tries to use the chat with Anna feature after updating to the latest version.,2024-03-22 07:29:22
1,Negative,Constantly asking me to re-sign in with no prefilled username. You think I care to remember a million usernames and passwords ? I just wanna pay my phone bill but if you guys wanna make it so difficult I guess you'll wait for the money,"The user is frustrated with the constant need to re-sign in to the app without any prefilled username, making it difficult to simply pay their phone bill.",2024-03-11 03:49:39
4,Mixed,Some team not help ful or one support very helpful and one support sad I have written 72 hour fix my message one support very good helping fix issues but Anna not very helpful I don't appreciate,"The reviewer had a mixed experience with Rogers customer support, with one agent being very helpful in resolving their issues, while another agent named Anna was not as helpful.",2023-09-05 17:12:48
1,Negative,"I am more than disappointed in your Accounts Receivable System. I am sick of your robot ""Anna"" telling me that I am late on the 2nd and you ""human"" persons telling me my payment due date is on the 8th and to include my late fees??? This last time I paid in full on the 5th at the Bank of NS in Chilliwack and confirmed with your good person in N B(who actually confirmed my due date is the 8th and ""thanked me for my 5th pmt and there is no overdue charges"" I just received demand""no email tranfer""?","Customer is frustrated with inconsistencies in Rogers' payment system and due dates. They report conflicts between the automated system ('Anna') claiming late payments on the 2nd, while human representatives confirm the due date is the 8th. Despite making a payment on the 5th and receiving confirmation of no late fees, they received a payment demand.",2023-06-07 14:35:53
1,Negative,Probably the single most brazen display of rogers contempt for their customer. Wanna pay your bill? To bad we've spent every penny of your over priced cell plan on making the worst user experience possible. Logging in on the app? LOL no it opens a browser link because rogers has decided to go backwards in their app design Saving your log in? Absolutely not! You might actually be able to pay your bills on time and see your data usage! Terrible app by a terrible service provider,"Customer expresses extreme frustration with the Rogers app, particularly regarding bill payment functionality and login issues. The app redirects to browser for login instead of handling it in-app, doesn't save login credentials, and makes basic account management difficult. User views these issues as intentionally poor design.",2023-03-10 08:58:18
1,Negative,"Anna the computer chat can not answer any useful information that you need to know. When a agent comes on it feels like everything they is scripted, the agents truly do not care how the customers feel.","Customer expresses frustration with Rogers' chat support system, specifically with the AI chatbot 'Anna' being unhelpful. They also criticize human agents for seeming scripted and showing lack of empathy towards customers.",2023-01-10 07:20:54
2,Negative,"Not very impressed, I made (or so I thought) my payment on the 19th but apparenytly it didnt go through making me late with my 1st payment. Also I have been trying to grt ahold of someone to help rxplsin s billing issue and The live chat doesnt ever seem to work and Anna just keeps sending me from billing inquires to inquires. Frustrating!!","The user had issues with their billing and payment, and they have been unable to get help from customer support through the app's live chat.",2022-12-21 15:03:37
5,Mixed,I have had used Anna to find out some items but it does take a while to find certain items. Speaking to an agent is a lot easier. I do have an issue with my account that I am having an issue with. They do provide answers and solutions.,"The user finds the virtual assistant Anna helpful but notes it can be slow to find information. They prefer speaking with human agents. While they have an account issue, they acknowledge that solutions are provided.",2022-10-01 13:27:12
1,Negative,Haven't been able to yet on for over a week now. Always says maintenance is happening. Wanna pay my bill people!,User has been unable to access the Rogers app for over a week due to continuous maintenance messages. They are frustrated because they want to pay their bill but cannot access the service.,2022-05-07 21:52:49
1,Negative,This app was a good thing. Now they have taken away most of the self service options. They have taken away how we used to be able to see the service in our area for any outages or to report outages. Now they send you to a web browser to talk to Anna the AI. Anna is something so ridiculous that never help. I always have to end up talking to a service rep for something simple. Something I use to be able to fix with the app self serve options in tec support section of the app.,"User complains about Rogers app removing key self-service features, particularly outage reporting and service status checking. The replacement AI chatbot 'Anna' is ineffective, forcing users to contact customer service representatives for issues that were previously self-serviceable.",2022-04-14 13:13:17
3,Negative,App crashes a lot. Most actions that I want to make has the app redirecting me to the website. It takes a long time to do simple actions. It is not user friendly or efficient. Anna is useless.,User reports frequent app crashes and frustration with being redirected to the website for most actions. They note poor performance with slow task completion and criticize both the user interface and the virtual assistant (Anna) as ineffective.,2022-03-06 13:44:02
3,Mixed,"Difficult to get assistance on billing issues, errors. Anna useless, guestions such as ""who do I contact about billing errors?"" Would be helpful. Virtually no routes to agent support. Long wait, over 1 hour. Why? A live agent was most helpful in the end, leading to a decent rating.","Customer experienced significant difficulties getting help with billing issues through the app. The virtual assistant 'Anna' was not helpful, and finding routes to live agent support was challenging. Eventually reached a helpful live agent after waiting over an hour.",2022-02-28 15:26:28
1,Negative,"Second time I'm giving a 1 star rating to this garbage app. You guys are bad in an incredible way. I'm trying to contact support for a misleading bill, and it keeps asking me to sign-in with your Anna bot(dumb and unflexible), in which case I'm already signed-in via the app. The sign-in button does not work. And please, stop replying me to try the ""latest fix"", I have the most up to date app and it's not functioning for basic stuffs. Crazy bad work.","Customer is extremely frustrated with the Rogers app's authentication issues when trying to contact support about a billing concern. The app's chatbot (Anna) keeps requesting sign-in despite the user already being logged in, and the sign-in button is non-functional. Previous attempts to resolve the issue through app updates have not helped.",2021-10-04 17:35:32
1,Negative,"I would give this app zero stars, if it were possible. I am receiving a message that no network is available, and I cannot call Rogers because my phone cannot connect to the network. So through this app I attempted to access support, yet went through the same circle of questions with the robot. Anna asked me if I would like to chat with a specialist, but the specialist was just Anna the robot again, asking me the same questions I already answered. I still cannot make phone calls.","The user is unable to use the app or make phone calls due to a network connectivity issue, and they were unable to get help through the app's customer support chatbot.",2021-07-17 19:04:21
4,Negative,Anna assistant not always working,The Anna assistant is not always working.,2021-07-01 08:42:58
2,Negative,It's mediocre at best. Ask Anna is an exercise in futility. Accessing certain parts of your account takes you outside the app and requires you to log in again. Not streamlined at all.,"User finds the Rogers app mediocre, criticizing the Ask Anna virtual assistant as ineffective. They express frustration with poor integration, noting that accessing certain account areas forces users out of the app and requires repeated logins.",2021-06-13 20:48:28
4,Negative,"Usually reliable...but lost wireless network connection on Monday, April 19 at 12:30am which affected my phone, and my Taxi company's Uber like software, also using Rogers Network. Losing revenue as it is now 7:30am and network connection still down. The automated chat with Anna was completely useless!","Customer experienced a prolonged Rogers network outage lasting over 7 hours, affecting both personal phone and business operations (taxi company software). The outage caused revenue loss for their business. Customer attempted to get help through automated chat system (Anna) but found it ineffective.",2021-04-19 04:23:13
1,Negative,"Most useless app of the year! Just got off the Rogers chat with Samantha, who was trying to tell me that their app works. Clearly from the comments here I can see I am not the only one experiencing these payment issues. I was told I can pay by phone or by bank or other apps. The thing is, their website and Anna, their AI option don't work either. I ask Samantha, why would I download an app that is of no use to me? It's not 1994, I don't pay my bills by phone. Why does my bill keep going up?","Customer is extremely frustrated with Rogers app's payment functionality not working. They attempted to resolve through chat support with agent Samantha but were unsuccessful. Customer also notes issues with website payments, AI assistant (Anna), and complains about rising bills.",2021-03-14 17:22:54
5,Positive,"Seems to be working better. Easily pay my invoice through the app. Viewing invoice is very easy. A little frustrated when using "" Ask Anna."" I am old school, and always prefer to talk to a real person if I need help.","The app is working better, and the user can easily pay their invoice and view it. However, the user prefers talking to a real person for support.",2021-02-17 15:29:58
3,Negative,"My experience with app is not user friendly. I thought that if i tried to change my password it may have been an easy fix, ha wrong. It took me to the home screen where i saw no reset but only data plan upsells. I'm so sick of this web page and their shannanigins(i hope it was spelled correctly). I'd better get a credit or something when i call and that's all i can say.","Customer expresses frustration with the Rogers app's poor user experience, specifically regarding password reset functionality. They were redirected to the home screen showing data plan upsells instead of password reset options. The customer indicates they will need to call customer service for resolution.",2021-01-06 00:07:18
1,Negative,Never get what you want on this freaking app lagging so bad ðŸ‘Ž and if you wanna do anything it will take you out of the app to rogers websit!! Huh ?! Then why the app !!! Useless,"User is extremely frustrated with the Rogers app due to severe performance issues and poor functionality. The app frequently redirects to the Rogers website instead of handling tasks within the app itself, making it essentially useless in the user's view. Significant lag issues are also reported.",2020-11-10 10:50:53
1,Negative,Both the Rogers site and app are terrible. All I wanna do is check my usage and apparently that's some sort of huge deal. step yo game up Rogers,"The Rogers website and app are terrible, with the main issue being the inability to easily check usage.",2013-06-02 23:17:24
1,Negative,Never ever get a contract with rogers. They are scamming sons of craps. I had enuff of their over charges and additional fees for everything. If u wanna donate ur money to thiefs u can get rogers.,"The user has had negative experiences with Rogers, including overcharges and additional fees, and is advising others not to get a contract with them.",2013-03-23 06:21:53
3,Negative,Aucun service Ã  la clientÃ¨le au tÃ©lÃ©phone. Attente de 1 heure plus et toujours rien. Et celÃ  a plusieurs reprises. Le systÃ¨me Anna ne me donne pas satisfaction. Merci de remÃ©dier Ã  celÃ  !,"The user experienced long wait times when trying to contact customer service, and the automated assistant did not provide satisfactory help.",2021-08-25 06:41:47
5,Negative,"For first time my phone stopped working only had sos service. Then I was trying to talk with an agent but they Anna chat thing almost cut off my service and then I got a message saying to shut the phone off and on to restart my phone.
I literally just paid my phone bill last week I think, and my balance is 0 so I donâ€™t understand why this happened to me. It was stressful and frustrating. Also why did the Anna chat thing almost cut off my service when I was trying to talk to an agent. Thatâ€™s not fair and it doesnâ€™t make sense. I still donâ€™t know how to speak to a live person. I tried calling 611 and nothing worked.","The user experienced issues with their phone service, including losing service and having trouble contacting a live agent, which was frustrating and stressful.",
1,Negative,"Came here to say this: in the last week I have been unable to upgrade, change SIM, change plans or really do anything outside of check my bill and my damned usage as a LONG TIME CUSTOMER itâ€™s almost made me wanna cancel ALL my services, what good is this app if I  HAVE to call or speak to someone to do something I was promised the ability to do on my own?? FIX IT","The user is frustrated with the limited functionality of the Rogers iOS app, which does not allow them to perform basic account management tasks like upgrading, changing SIM, or changing plans without having to call or speak to someone.",
