review_id,title,text,rating,author,app_version,date,app_name,platform,extraction_method,extraction_date,userImage,thumbs_up,developer_response,replied_at,appVersion,has_complaint,is_analyzed_by_id,claude_summary,claude_sentiment,primary_category,complaint_severity,analysis_status,output_tokens
12327107965,No,Hot garbage and useless app should be named MyCrapapp,1.0,Telus why,6.21.3,2025-02-18T13:19:04-07:00,Rogers,iOS,itunes_rss,2025-05-22,,,,,,False,False,Hot garbage and useless app should be named MyCrapapp,Negative,User Experience,Critical,success,52
12308318619,Billing,Have to pay a high bill ‚Ä¶win back team misguided and called Roger‚Äôs five times ..rogers put it on win back team and win back on Roger‚Äôs‚Ä¶plz don‚Äôt trust win back team,1.0,A misguided costumer..,6.21.1,2025-02-13T19:32:32-07:00,Rogers,iOS,itunes_rss,2025-05-22,,,,,,False,False,"High bill, poor customer service, and issues with the 'win back team'.",Negative,Billing,Major,success,56
12009764288,Worst app,This app is garbage developers got millions of dollars for this garbage its never open ‚Ä¶.. trying to open this garbage from 4 days coz i need to pay bill and it never opens ‚Ä¶. They got all fake reviews this garbage app doesn't deserve 4 star i wish i can give less thn 1 star,1.0,I'm ifw,6.19.0,2024-11-30T08:20:27-07:00,Rogers,iOS,itunes_rss,2025-05-22,,,,,,False,False,"The app is described as garbage, never opens, and has fake reviews.",Negative,App Crashes,Critical,success,54
11815066536,Rogers,Rogers is incredibly useless,1.0,sevenirish,6.17.0,2024-10-09T08:45:15-07:00,Rogers,iOS,itunes_rss,2025-05-22,,,,,,False,False,Rogers is incredibly useless,Negative,User Experience,Major,success,44
11439090431,"One of the big three, keeping consumer costs elevated.","Rogers, Bell, Telus; a closed triopoly, not interested in a free market, but only keeping Canadians hostage to their profit goals. 
Their prices (and profits) are kept high by keeping competition out. There is no proactive action taken to work towards securing better deals for clients‚Ä¶ and there‚Äôs two other paths to take, which are different sides of the same triangle of corporate greed. They lobby really, really hard, under the guise of protecting Canadian interests, when their concern is only self serving.
Open up the communication market and see how well these three succeed in the face of fair competition.",2.0,P:ssed off,6.16.0,2024-06-29T21:05:19-07:00,Rogers,iOS,itunes_rss,2025-05-22,,,,,,False,False,"Rogers, Bell, and Telus are a closed triopoly that keep prices high and competition out, with no proactive action to secure better deals for clients.",Negative,Features,Major,success,71
10924337013,Legal scammers,Your internet service is so crappy I had t buy a diaper for my modem‚Ä¶In a ideal word Rogers should not exist!,1.0,f$ uber,6.10.0,2024-02-10T10:52:41-07:00,Rogers,iOS,itunes_rss,2025-05-22,,,,,,False,False,"The reviewer is extremely dissatisfied with the poor internet service provided by Rogers, describing it as 'crappy' and wishing the company did not exist.",Negative,Performance,Critical,success,70
254a26b0-4e95-4e4d-b362-3c9d2c0a29f6,,"keeps crashing, does not let me pay my bills (something went wrong try later). y'all need to fix up, I'm not paying these late fees",1.0,A Google user,6.23.0.36,2025-05-21 7:58,Rogers,Android,google_play_scraper,2025-05-22,https://play-lh.googleusercontent.com/EGemoI2NTXmTsBVtJqk8jxF9rh8ApRWfsIMQSt2uE4OcpQqbFu7f7NbTK05lx80nuSijCz7sc3a277R67g,0.0,"The app crashing is disappointing. To help you effectively, we would like to have more information about the issue, the app version, and device details. Please post the details on our Apps board: https://roge.rs/2YYdIXe. To avoid a late payment charge, please consider paying your bill using one of the options: https://roge.rs/3OpjgE3. ^ms


",2025-05-21 13:59,6.23.0.36,False,False,"The app keeps crashing and does not allow the user to pay their bills, leading to late fees.",Negative,Billing,Critical,success,59
82f608f0-ab58-4457-9af5-cde6bb0fccf0,,So far so good thanks Roger‚Äôs,5.0,A Google user,,2025-05-20 16:48,Rogers,Android,google_play_scraper,2025-05-22,https://play-lh.googleusercontent.com/EGemoI2NTXmTsBVtJqk8jxF9rh8ApRWfsIMQSt2uE4OcpQqbFu7f7NbTK05lx80nuSijCz7sc3a277R67g,0.0,Thanks for your review! We're delighted to know you are pleased with Rogers as a whole. Don‚Äôt hesitate to shoot us a note at https://communityforums.rogers.com if you have any questions. ^mg,2025-05-21 8:13,,False,False,So far so good thanks Roger's,Positive,User Experience,Minor,success,46
706f6d7b-0789-46c9-ae21-774be0568259,,app is okay... but can we please remove that picture of the woman on there? it makes me just use the web app instead. luckily I have a way to uninstall this system app.,1.0,A Google user,6.23.0.36,2025-05-20 14:59,Rogers,Android,google_play_scraper,2025-05-22,https://play-lh.googleusercontent.com/EGemoI2NTXmTsBVtJqk8jxF9rh8ApRWfsIMQSt2uE4OcpQqbFu7f7NbTK05lx80nuSijCz7sc3a277R67g,0.0,Hi Austin! Thank you for the review. Can you share more details about your problem at https://communityforums.rogers.com? Thank you ^jjl,2023-06-03 17:23,6.23.0.36,False,False,"The app is okay, but the user wants to remove a picture of a woman that makes them use the web app instead.",Negative,User Experience,Minor,success,63
12e3a508-7230-499c-8578-678ef816d642,,The switch from my old sim to my new sim was easy and I also got to keep my old number!,5.0,A Google user,6.23.0.36,2025-05-20 14:37,Rogers,Android,google_play_scraper,2025-05-22,https://play-lh.googleusercontent.com/EGemoI2NTXmTsBVtJqk8jxF9rh8ApRWfsIMQSt2uE4OcpQqbFu7f7NbTK05lx80nuSijCz7sc3a277R67g,0.0,"Good day Lisa, we're pleased to know your SIM and phone number transfer went smoothly and we're very grateful you took the time to share your feednack with us. Cheers! ^mg",2025-05-21 8:13,6.23.0.36,False,False,"Easy switch to new SIM, kept old number.",Positive,User Experience,Minor,success,49
1c6a5984-7ed7-4a21-b4b2-3bf4c416bcce,,Nov 2019: Very simple to use. Detailed enough for a quick look at current services and bill summary etc. Cannot view specific things on your bill but you can do that on desktop version which is fine. Update May 2025: app crashes a lot. Hopefully fixed soon.,3.0,A Google user,6.23.0.36,2025-05-20 13:55,Rogers,Android,google_play_scraper,2025-05-22,https://play-lh.googleusercontent.com/EGemoI2NTXmTsBVtJqk8jxF9rh8ApRWfsIMQSt2uE4OcpQqbFu7f7NbTK05lx80nuSijCz7sc3a277R67g,1.0,"Hey PMT, we truly appreciate the feedback on the MyRogers app. Thanks for taking the time to leave this awesome review. ^mg",2019-11-06 15:36,6.23.0.36,False,False,"Simple app for quick bill summary, but crashes frequently and lacks detailed bill viewing.",Mixed,App Crashes,Major,success,54
2fa302d3-970b-4ce7-ad89-7348d7eadf0b,,Greedy company,1.0,A Google user,5.16.1.8,2020-11-08 4:50,Rogers,Android,google_play_scraper,2025-05-22,https://play-lh.googleusercontent.com/EGemoI2NTXmTsBVtJqk8jxF9rh8ApRWfsIMQSt2uE4OcpQqbFu7f7NbTK05lx80nuSijCz7sc3a277R67g,0.0,"Norbert, we're sad to hear that we have not lived up to your expectations. If you do have an issue we will be happy to help you resolve it. Please reach out to us at https://communityforums.rogers.com so we can get started. ^tb",2020-11-08 11:57,5.16.1.8,False,False,Greedy company,Negative,Other,Minor,success,42
758692c5-eef5-46e5-ae73-70adfdc895fd,,"Not uninstallable, wastfull garbage.",1.0,A Google user,5.9.0.10,2020-10-06 19:51,Rogers,Android,google_play_scraper,2025-05-22,https://play-lh.googleusercontent.com/EGemoI2NTXmTsBVtJqk8jxF9rh8ApRWfsIMQSt2uE4OcpQqbFu7f7NbTK05lx80nuSijCz7sc3a277R67g,0.0,Hi Amelia! Sorry to hear you haven't liked the app. Please let us know if you're encountering any other issues besides uninstalling the app and we'll try our best to help you out! ^zf,2020-10-07 11:32,5.9.0.10,False,False,"Wasteful garbage, not uninstallable.",Negative,User Experience,Major,success,49
9429b2a7-25ca-4bf2-8da8-f1836da19986,,"Why has the myRogers app recently started showing up as running in the background? I'd also like to know why the app is reporting it used 14.5 GB of data since June. My final question of the day - what is ""Qualtrics feedback requests"" under Show Notifications?",1.0,A Google user,5.16.0.134,2020-09-14 22:07,Rogers,Android,google_play_scraper,2025-05-22,https://play-lh.googleusercontent.com/EGemoI2NTXmTsBVtJqk8jxF9rh8ApRWfsIMQSt2uE4OcpQqbFu7f7NbTK05lx80nuSijCz7sc3a277R67g,0.0,"Hello Richard! The likely cause of the app continuing to run has to do with our 'NetworkAid' location prompt. If you select  to always allow it, then the app will run even if closed. Please reinstall the app to select a new option (Allow once or Don't allow). Please post a message here: https://roge.rs/2F4tbNN to receive further guidance. ^yc",2020-09-18 11:46,5.16.0.134,False,False,"The user is concerned about the myRogers app running in the background and using a large amount of data, as well as the 'Qualtrics feedback requests' notification.",Negative,Performance,Major,success,75
4f5967bc-a126-47e0-a2b9-d36684c84c3f,,it is the pits! without question,1.0,A Google user,5.15.0.145,2020-08-30 21:50,Rogers,Android,google_play_scraper,2025-05-22,https://play-lh.googleusercontent.com/EGemoI2NTXmTsBVtJqk8jxF9rh8ApRWfsIMQSt2uE4OcpQqbFu7f7NbTK05lx80nuSijCz7sc3a277R67g,0.0,"Dear Michael, 

We are sorry to hear this. Would you mind sharing the exact issues you had at https://communityforums.rogers.com and we will do our best to rectify those as soon as possible. Thanks! ^ch",2020-09-02 7:19,5.15.0.145,False,False,The app is terrible without question.,Negative,User Experience,Major,success,45
8033580e-85dc-4ea6-9bc6-99e0fd0a66ff,,Still Is not letting me open the app for weeks,1.0,A Google user,5.9.2.5,2020-07-16 15:35,Rogers,Android,google_play_scraper,2025-05-22,https://play-lh.googleusercontent.com/EGemoI2NTXmTsBVtJqk8jxF9rh8ApRWfsIMQSt2uE4OcpQqbFu7f7NbTK05lx80nuSijCz7sc3a277R67g,0.0,"Madison, I can imagine how frustrating it is to lose access to the app for weeks. If you have not already, please uninstall/reinstall or disable/enable the app on your device. Let us know if issues are persistent. ^tb",2020-06-03 12:26,5.9.2.5,False,False,App not opening for weeks,Negative,App Crashes,Critical,success,45
59eb8025-7828-4d47-bc7c-ffe5abd15414,,The worst app ever signing in is a pain in the ass,1.0,A Google user,5.14.1.1,2020-07-11 15:36,Rogers,Android,google_play_scraper,2025-05-22,https://play-lh.googleusercontent.com/EGemoI2NTXmTsBVtJqk8jxF9rh8ApRWfsIMQSt2uE4OcpQqbFu7f7NbTK05lx80nuSijCz7sc3a277R67g,0.0,"Ani, sign in issues are never fun to deal with. Can you describe what is happening when you try to sign in? Do you get an error message of any kind? ^tb",2020-07-15 9:32,5.14.1.1,False,False,"The app is terrible, with a painful sign-in process.",Negative,Login Issues,Major,success,51
82cd9463-4914-4954-b0c8-45ad73bdb8ae,,Very good app and super easy,5.0,A Google user,,2020-07-10 3:46,Rogers,Android,google_play_scraper,2025-05-22,https://play-lh.googleusercontent.com/EGemoI2NTXmTsBVtJqk8jxF9rh8ApRWfsIMQSt2uE4OcpQqbFu7f7NbTK05lx80nuSijCz7sc3a277R67g,0.0,Hello Hani! thank you for your comment and review. We are glad that you are happy with the appüòä! ^cg,2020-07-10 8:00,,False,False,Very good app and super easy,Positive,User Experience,Minor,success,45
f529ecd2-2ffd-4cb7-9824-e74587e98a32,,Having so much trouble with this app. Most of the time i cant sign in and then it wont let me get support like live chat. Whats going on,3.0,A Google user,5.14.1.1,2020-07-08 11:23,Rogers,Android,google_play_scraper,2025-05-22,https://play-lh.googleusercontent.com/EGemoI2NTXmTsBVtJqk8jxF9rh8ApRWfsIMQSt2uE4OcpQqbFu7f7NbTK05lx80nuSijCz7sc3a277R67g,0.0,"Hey Kristie, sorry to hear about your experience with the app. We'd love to take a look into this for you. Please feel free to reach out to us at https://communityforums.rogers.com. ^jl",2020-07-08 15:31,5.14.1.1,False,False,"Experiencing login and support issues with the app, making it difficult to use.",Negative,Login Issues,Major,success,54
a561270d-b99a-4dc6-9008-d8ceb5c76850,,Painfully good! üôÉ,5.0,A Google user,5.14.1.1,2020-07-04 11:43,Rogers,Android,google_play_scraper,2025-05-22,https://play-lh.googleusercontent.com/EGemoI2NTXmTsBVtJqk8jxF9rh8ApRWfsIMQSt2uE4OcpQqbFu7f7NbTK05lx80nuSijCz7sc3a277R67g,0.0,"Brenda, thanks so much for the 5 star rating! ^tb",2020-07-05 11:50,5.14.1.1,False,False,Painfully good app experience!,Positive,User Experience,Minor,success,46
b10af4e1-1e96-4da5-a7cc-79b9fda2c83d,,Just orrible app,1.0,A Google user,5.14.1.1,2020-07-02 4:14,Rogers,Android,google_play_scraper,2025-05-22,https://play-lh.googleusercontent.com/EGemoI2NTXmTsBVtJqk8jxF9rh8ApRWfsIMQSt2uE4OcpQqbFu7f7NbTK05lx80nuSijCz7sc3a277R67g,0.0,Hi Davide. I do apologize about your experience. what problems are you having with the app? We are always working to improve it. Please write to us at https://communityforums.rogers.com. We will try to help you immediately. ^ht,2020-07-04 10:46,5.14.1.1,False,False,Horrible app experience.,Negative,User Experience,Major,success,43
64e77479-52b3-4e17-843f-54f7fbdd30b9,,Beaucoup trop de mise √† jours pour une aussi simple application!,3.0,A Google user,5.14.1.1,2020-07-01 11:01,Rogers,Android,google_play_scraper,2025-05-22,https://play-lh.googleusercontent.com/EGemoI2NTXmTsBVtJqk8jxF9rh8ApRWfsIMQSt2uE4OcpQqbFu7f7NbTK05lx80nuSijCz7sc3a277R67g,0.0,"Salut Simon, je sais que de devoir faire plusieurs mises √† jour peut √™tre inconv√©nient. Est-ce que tout fonctionne bien avec MonRogers? ^mg

M-√Ä-J: Merci d'avoir mis √† jour votre √©valuation Simon! Avisez-nous si vous avez besoin de plus d'assistance. :) ^mg",2020-07-02 17:38,5.14.1.1,False,False,Too many updates for a simple app!,Negative,User Experience,Minor,success,47
1c39cffd-a002-4047-a546-2f1f04ed819e,,This app keeps crashing. I have uninstalled it and then updated it again. I have disabled it and then enabled it. It keeps crashing!!!! it's very finicky... In the past 3 months is probably crashed over 50 times and it's extremely annoying. I'm not sure why a big corporation like Rogers can't get a simple app to function properly.,1.0,A Google user,5.14.1.1,2020-06-30 0:50,Rogers,Android,google_play_scraper,2025-05-22,https://play-lh.googleusercontent.com/EGemoI2NTXmTsBVtJqk8jxF9rh8ApRWfsIMQSt2uE4OcpQqbFu7f7NbTK05lx80nuSijCz7sc3a277R67g,24.0,"Hello Susan, We are very sorry about the experience with the app. Please ensure you have the latest updates. Also, check if the app is running in the background. You can also message us at https://communityforums.rogers.com about the issue. ^cg",2020-06-30 10:11,5.14.1.1,False,False,"The app keeps crashing frequently, causing frustration for the user.",Negative,App Crashes,Critical,success,53
2c655c00-d313-4593-830c-8300748ef463,,"I am very happy with my rogers, it's FB that is the problem. I feel if you are running a business like FB then be there to help your customers.",5.0,A Google user,5.14.1.1,2020-06-29 11:41,Rogers,Android,google_play_scraper,2025-05-22,https://play-lh.googleusercontent.com/EGemoI2NTXmTsBVtJqk8jxF9rh8ApRWfsIMQSt2uE4OcpQqbFu7f7NbTK05lx80nuSijCz7sc3a277R67g,1.0,"Hey Charlene, thank you for taking the time to rate us üòä. We are glad that you liked the app. ^cg",2020-06-30 9:23,5.14.1.1,False,False,The reviewer is satisfied with Rogers but has issues with Facebook's customer support.,Positive,Support,Minor,success,52
64a33a08-1628-443f-9a1f-b196d097cc24,,F.,5.0,A Google user,5.14.1.1,2020-06-28 11:38,Rogers,Android,google_play_scraper,2025-05-22,https://play-lh.googleusercontent.com/EGemoI2NTXmTsBVtJqk8jxF9rh8ApRWfsIMQSt2uE4OcpQqbFu7f7NbTK05lx80nuSijCz7sc3a277R67g,0.0,"Hello Savo, thank you for rating the appüòä. ^cg",2020-06-30 7:47,5.14.1.1,False,False,Short review with no details.,Neutral,Other,None,success,43
8dec1fe1-7af6-4e95-bdf5-470a1762b42b,,Your app keeps saying im off line. Sorry you still have bugs to fix.,3.0,A Google user,5.14.1.1,2020-06-18 10:51,Rogers,Android,google_play_scraper,2025-05-22,https://play-lh.googleusercontent.com/EGemoI2NTXmTsBVtJqk8jxF9rh8ApRWfsIMQSt2uE4OcpQqbFu7f7NbTK05lx80nuSijCz7sc3a277R67g,0.0,"Hey Robert, we appreciate the heads up! We certainly want our app to work well for you. Is this error happening while on WiFi, mobile data, or both? Have you tried uninstalling/reinstalling the app (or disable/re-enable if pre-installed) to see if this helps? Let us know! :) ^yc",2020-06-20 10:20,5.14.1.1,False,False,"The app has bugs that cause offline issues, requiring further fixes.",Negative,App Crashes,Major,success,52
d96137b5-eee9-4644-8b22-eb7da5772f9c,,It's an Amazing app. Very easy to use üíØüëçüèΩ,5.0,A Google user,5.14.1.1,2020-06-17 22:09,Rogers,Android,google_play_scraper,2025-05-22,https://play-lh.googleusercontent.com/EGemoI2NTXmTsBVtJqk8jxF9rh8ApRWfsIMQSt2uE4OcpQqbFu7f7NbTK05lx80nuSijCz7sc3a277R67g,0.0,"Hey Andrew, 

Thanks for taking the time out to leave your review! We're elated to hear you enjoy the app and it's easy to utilize! : )^jl",2020-06-18 15:11,5.14.1.1,False,False,"Amazing app, very easy to use",Positive,User Experience,Minor,success,46
b0b5ac1c-64a2-481f-9a77-c6fcb6ceffde,,"Unimpressed with the lack of compatibility with Ignite Wifi Hub app on an up to date, Samsung Galaxy s9 Plus. Some sort of upgrade is really needed, I can't jump between my phone and an old iPhone to monitor and control my new Roger's ignite internet. Bad start...",1.0,A Google user,5.14.1.1,2020-06-17 9:00,Rogers,Android,google_play_scraper,2025-05-22,https://play-lh.googleusercontent.com/EGemoI2NTXmTsBVtJqk8jxF9rh8ApRWfsIMQSt2uE4OcpQqbFu7f7NbTK05lx80nuSijCz7sc3a277R67g,0.0,"Chirs, thank you for your comments. Hopefully, you are enjoying the MyRogers app! The Ignite WiFi Hub app is certainly compatible with S9+, what happens when you try installing it? We would like to more about the issue, please drop us a line at https://roge.rs/2YYdIXe so we can work with you towards a solution. Cheers! /Moin",2020-06-17 15:23,5.14.1.1,False,False,Unimpressed with lack of compatibility with Ignite Wifi Hub app on Samsung Galaxy s9 Plus.,Negative,User Experience,Major,success,62
9ae9651a-990e-4be9-bfb2-5b1dd9bebe1c,,The app is poorly laid out and not very intuitive. Far too many things I want to do in app take me to a seperate browser page to log in.,2.0,A Google user,5.14.1.1,2020-06-15 8:09,Rogers,Android,google_play_scraper,2025-05-22,https://play-lh.googleusercontent.com/EGemoI2NTXmTsBVtJqk8jxF9rh8ApRWfsIMQSt2uE4OcpQqbFu7f7NbTK05lx80nuSijCz7sc3a277R67g,0.0,"Dave, I can understand how difficult it can be if the app is not functioning to your liking. We are always looking to improve the app experience for our users, and really appreciate the feedback. If there is anything specific we can look into, please contact us at https://communityforums.rogers.com.^ht",2020-06-15 11:19,5.14.1.1,False,False,"The app is poorly designed and not user-friendly, with many tasks requiring a separate browser login.",Negative,User Experience,Major,success,58
eb15e5b3-1b50-4ae4-811c-f1a7b3396038,,Just twirls and swirls,1.0,A Google user,5.14.1.1,2020-06-12 11:25,Rogers,Android,google_play_scraper,2025-05-22,https://play-lh.googleusercontent.com/EGemoI2NTXmTsBVtJqk8jxF9rh8ApRWfsIMQSt2uE4OcpQqbFu7f7NbTK05lx80nuSijCz7sc3a277R67g,0.0,"Hello, can you share more details about your problem at https://roge.rs/2YYdIXe? The issue could be related to available resources on your devices. We look forward to hearing from you. Cheers! /Moin",2020-06-13 13:26,5.14.1.1,False,False,"The app just twirls and swirls, according to the review.",Negative,User Experience,Major,success,54
2e539055-12c2-4414-9668-2bb39dfd3e7d,,"My experience with getting my bill on line is a royal pain in the but I have tried several times to get thing to work even with live chat. I think you should have just stuck with paper, paper works good always!!!!!",3.0,A Google user,5.14.1.1,2020-06-08 14:05,Rogers,Android,google_play_scraper,2025-05-22,https://play-lh.googleusercontent.com/EGemoI2NTXmTsBVtJqk8jxF9rh8ApRWfsIMQSt2uE4OcpQqbFu7f7NbTK05lx80nuSijCz7sc3a277R67g,1.0,"acnfitch, I can understand how frustrating it must be not being able to view your bill easily. It may take a bit of getting used to but I think you will find the paperless option better and it is better for the environment. We will pass along your feedback regarding paper-less bills. ^tb",2020-06-11 11:25,5.14.1.1,False,False,"The reviewer had a frustrating experience with the online billing system, preferring the traditional paper method.",Negative,Billing,Major,success,58
12f15394-ff9c-43af-be6c-a70b0e568f15,,"Update (6 june 2020): still crashes (same issue""MyRogers keeps stopping"") App crashes everytime i open it when connected to wifi. No error message. When i open the app it shows the rogers logo for a second and then it crashes. It is working now but the issue has happened many times in the past.",1.0,A Google user,5.14.1.1,2020-06-06 12:14,Rogers,Android,google_play_scraper,2025-05-22,https://play-lh.googleusercontent.com/EGemoI2NTXmTsBVtJqk8jxF9rh8ApRWfsIMQSt2uE4OcpQqbFu7f7NbTK05lx80nuSijCz7sc3a277R67g,4.0,"Hey A J, we definitely want the app to work for you! When the app crashes, is there any error message that accompanies it? ^yc Edit - Updated Reply: Thank you for more info. You should try closing the app from the background before launching. This helps the app in establishing a fresh session. Thanks! /Moin",2020-05-09 14:19,5.14.1.1,False,False,"App crashes when connected to WiFi, showing Rogers logo before crashing with no error message.",Negative,App Crashes,Critical,success,58
cba76ed8-0d23-41a2-881e-e9f04741d6c2,,Quick and Easy!!!,5.0,A Google user,5.14.1.1,2020-06-05 20:28,Rogers,Android,google_play_scraper,2025-05-22,https://play-lh.googleusercontent.com/EGemoI2NTXmTsBVtJqk8jxF9rh8ApRWfsIMQSt2uE4OcpQqbFu7f7NbTK05lx80nuSijCz7sc3a277R67g,0.0,"Ann-Marie, we're thrilled that our app is working so well for you. Thanks so much for the 5-star rating! =) ^tb",2020-06-07 9:59,5.14.1.1,False,False,Quick and Easy!!!,Positive,User Experience,Minor,success,43
efc50c43-1877-4187-bcc5-d54a9a96611c,,"Keeps crashing. Won't even load to the login screen. Has worked in the past but been down for a month at least. Very annoying and useless. Update: if I am connected to the WiFi in my home the app crashes everytime as stated above. If I use the LTE Rogers network, the app opens up and works appropriately. Don't understand why this would be but the ""work around"" fixes the problem.",5.0,A Google user,5.14.1.1,2020-06-05 1:03,Rogers,Android,google_play_scraper,2025-05-22,https://play-lh.googleusercontent.com/EGemoI2NTXmTsBVtJqk8jxF9rh8ApRWfsIMQSt2uE4OcpQqbFu7f7NbTK05lx80nuSijCz7sc3a277R67g,19.0,"Harry, that has to be frustrating, to say the very least! Can you kindly try uninstalling/reinstalling the app or disabling/re-enabling the app to see if this resolve the login issue? Update: Thanks for that info! Please reach out to us at https://communityforums.rogers.com so we can escalate a ticket to investigate this for you. ^tb",2020-06-07 9:50,5.14.1.1,False,False,"The app keeps crashing and won't load the login screen, making it useless. It only works when connected to the Rogers LTE network, not the home WiFi.",Negative,App Crashes,Critical,success,75
ace0700b-badd-4ff3-8993-87cf12f1de91,,Terrible recently. I lived by this app. Now it doesnt recognize my account. Neither way to sign in work. But it works on web page so i still exsist even though it insists i dont. Please fix it!,2.0,A Google user,5.14.1.1,2020-06-04 23:33,Rogers,Android,google_play_scraper,2025-05-22,https://play-lh.googleusercontent.com/EGemoI2NTXmTsBVtJqk8jxF9rh8ApRWfsIMQSt2uE4OcpQqbFu7f7NbTK05lx80nuSijCz7sc3a277R67g,0.0,"Hmm, that is super odd, Dena!  I also use my app almost every day, so I understand. We definitely want to help you get your app access going again! If possible, can you please try uninstalling/reinstalling the app (or disabling/re-enabling if the app was preinstalled), followed by a device reboot to see if it helps? Keep us in the loop! :) ^yc",2020-06-06 11:18,5.14.1.1,False,False,"The app is not recognizing the user's account, and the sign-in methods are not working, despite the user's account being accessible on the web page.",Negative,Login Issues,Critical,success,71
aa44257b-a1d2-4d3b-ad66-efbfb56e7afd,,"I'm not able to have data of my usage, it reads as 0 after over my first month of usage. That's a big that needs to be fixed",3.0,A Google user,5.14.1.1,2020-06-04 16:21,Rogers,Android,google_play_scraper,2025-05-22,https://play-lh.googleusercontent.com/EGemoI2NTXmTsBVtJqk8jxF9rh8ApRWfsIMQSt2uE4OcpQqbFu7f7NbTK05lx80nuSijCz7sc3a277R67g,0.0,Hello there and thank you for using our app! I'm sorry to hear the usage details are not up to date. :( It may not show until your next bill cycle if a change was recently made to your account. Feel free to post a new message here: https://roge.rs/2F4tbNN if you would like us to investigate this for you! Thanks so much! ^yc,2020-06-06 11:08,5.14.1.1,False,False,"The app is unable to display accurate data usage, which is a significant issue that needs to be addressed.",Negative,Performance,Major,success,58
74587274-7ecc-4817-b0b0-10949d3aefd8,,keeps trying to log me into a canceled account that is somehow still linked to my email...,2.0,A Google user,5.14.1.1,2020-06-04 12:39,Rogers,Android,google_play_scraper,2025-05-22,https://play-lh.googleusercontent.com/EGemoI2NTXmTsBVtJqk8jxF9rh8ApRWfsIMQSt2uE4OcpQqbFu7f7NbTK05lx80nuSijCz7sc3a277R67g,0.0,"Hey Nicholas! That sounds to me like an account linking issue that would need to be corrected at the backend! If possible, please post a new message here: https://roge.rs/2F4tbNN to receive guidance for your issue! Thanks so much! ^yc",2020-06-05 11:30,5.14.1.1,False,False,Keeps trying to log into a canceled account linked to user's email.,Negative,Login Issues,Major,success,53
89f05c54-6349-4271-99de-98217d6ff9cd,,As a senior my memory is not as acute as it once was,1.0,A Google user,5.14.1.1,2020-06-02 11:37,Rogers,Android,google_play_scraper,2025-05-22,https://play-lh.googleusercontent.com/EGemoI2NTXmTsBVtJqk8jxF9rh8ApRWfsIMQSt2uE4OcpQqbFu7f7NbTK05lx80nuSijCz7sc3a277R67g,0.0,,,5.14.1.1,False,False,"As a senior, the reviewer's memory is not as acute as it once was.",Negative,User Experience,Minor,success,55
4052b527-934c-47e0-bd2b-ec77b5c7b92b,,Love it.,5.0,A Google user,5.14.1.1,2020-06-01 6:30,Rogers,Android,google_play_scraper,2025-05-22,https://play-lh.googleusercontent.com/EGemoI2NTXmTsBVtJqk8jxF9rh8ApRWfsIMQSt2uE4OcpQqbFu7f7NbTK05lx80nuSijCz7sc3a277R67g,0.0,"Nicole, thanks so much for the 5-star rating! We're glad that you love our app. =) ^tb",2020-06-01 8:35,5.14.1.1,False,False,Love the app.,Positive,User Experience,Minor,success,42
94cfbd2f-9442-4f1d-b354-2594cefcef54,,Has worked fine for what I use it for.,5.0,A Google user,5.14.1.1,2020-06-01 5:28,Rogers,Android,google_play_scraper,2025-05-22,https://play-lh.googleusercontent.com/EGemoI2NTXmTsBVtJqk8jxF9rh8ApRWfsIMQSt2uE4OcpQqbFu7f7NbTK05lx80nuSijCz7sc3a277R67g,0.0,"Kelly, we're glad that our app has met your needs. Thanks so much for the 5-star rating! =) ^tb",2020-06-01 8:35,5.14.1.1,False,False,The app has worked fine for the user's needs.,Positive,User Experience,Minor,success,49
942a1f1d-19dc-4f54-b1c2-68f585430b63,,Very good and handy app recommended 100%,5.0,A Google user,5.14.1.1,2020-05-30 14:45,Rogers,Android,google_play_scraper,2025-05-22,https://play-lh.googleusercontent.com/EGemoI2NTXmTsBVtJqk8jxF9rh8ApRWfsIMQSt2uE4OcpQqbFu7f7NbTK05lx80nuSijCz7sc3a277R67g,0.0,"David, we're so happy to hear that the app is working so well for you. Thanks so much for this awesome 5-star rating! =) ^tb",2020-06-01 7:49,5.14.1.1,False,False,Very good and handy app recommended 100%,Positive,User Experience,None,success,49
a8326fb8-66f6-4453-b532-3ef58a44ff64,,App will not open on samsung A71. Reason for low rating.,1.0,A Google user,5.14.1.1,2020-05-29 8:45,Rogers,Android,google_play_scraper,2025-05-22,https://play-lh.googleusercontent.com/EGemoI2NTXmTsBVtJqk8jxF9rh8ApRWfsIMQSt2uE4OcpQqbFu7f7NbTK05lx80nuSijCz7sc3a277R67g,0.0,"Curtis, we're sad to hear that our app has not been working properly on your device. Can you describe what is happening when you try to load the app? Do you get an error message of any kind? We look forward to your response! ^tb",2020-06-01 7:05,5.14.1.1,False,False,"App will not open on Samsung A71, leading to a low rating.",Negative,App Crashes,Critical,success,54
8901187a-1eb0-4622-8aa3-e3aff22a2e13,,I can't seem to link my account to the app!!!,1.0,A Google user,5.14.1.1,2020-05-27 9:43,Rogers,Android,google_play_scraper,2025-05-22,https://play-lh.googleusercontent.com/EGemoI2NTXmTsBVtJqk8jxF9rh8ApRWfsIMQSt2uE4OcpQqbFu7f7NbTK05lx80nuSijCz7sc3a277R67g,0.0,"Oh no, that's no good! We definitely want to help you with this, Alice! Feel free to post a new message here: https://roge.rs/2F4tbNN to receive guidance for your issue! Thanks so much! ^yc",2020-05-28 7:19,5.14.1.1,False,False,Unable to link account to app,Negative,Login Issues,Major,success,45
eadc5bba-3852-489e-ae9c-a30ca4c04a57,,Wonderful experience !!!!,4.0,A Google user,5.14.1.1,2020-05-25 19:18,Rogers,Android,google_play_scraper,2025-05-22,https://play-lh.googleusercontent.com/EGemoI2NTXmTsBVtJqk8jxF9rh8ApRWfsIMQSt2uE4OcpQqbFu7f7NbTK05lx80nuSijCz7sc3a277R67g,0.0,"That's awesome to hear, Gagandeep! So glad you are getting enjoyment out of using our app, that means so much to us! Stay safe and take care! :) ^yc",2020-05-28 6:50,5.14.1.1,False,False,Wonderful experience with the app!,Positive,User Experience,Minor,success,46
7d8ee95c-16a7-406b-90ad-6f4391f1fab6,,Worst app ever everytime you open you need to update the app,1.0,A Google user,5.14.1.1,2020-05-23 16:51,Rogers,Android,google_play_scraper,2025-05-22,https://play-lh.googleusercontent.com/EGemoI2NTXmTsBVtJqk8jxF9rh8ApRWfsIMQSt2uE4OcpQqbFu7f7NbTK05lx80nuSijCz7sc3a277R67g,0.0,"Andaaz, I can understand that it can be inconvenient to have to update your apps. Generally, there is an update once a month to ensure the app is stable and compatible with the latest OS updates. We will pass along your feedback about the frequency of updates to the app developers to review. ^tb",2020-05-25 19:27,5.14.1.1,False,False,"Worst app ever, constant updates required to open it.",Negative,Performance,Major,success,49
318d3d0b-ae8e-413f-a853-811d68d92c51,,"There was finally an uninstall option for the app (it only appeared after I disabled/enabled). I uninstalled the app, installed the updated one and now all works well. Thank you.",4.0,A Google user,5.14.1.1,2020-05-17 20:12,Rogers,Android,google_play_scraper,2025-05-22,https://play-lh.googleusercontent.com/EGemoI2NTXmTsBVtJqk8jxF9rh8ApRWfsIMQSt2uE4OcpQqbFu7f7NbTK05lx80nuSijCz7sc3a277R67g,0.0,"Darrielle, thanks for trying the disable/enable option. This time when you are on that screen to disable/enable, can you tap on the 3 dots menu on the top and tap 'Uninstall updates'? Reboot your device. Now you can head to Play Store and download the latest version. Hopefully, this resolves the crashing issue. Update: You are most welcome! ^tb",2020-05-19 12:06,5.14.1.1,False,False,"Uninstall option finally available, updated app now working well.",Positive,User Experience,Minor,success,52
aaeba967-3f26-4793-a9b3-2eaccb373dd7,,So many problems to open app. You have to turn the phone off.,1.0,A Google user,5.14.1.1,2020-05-15 10:46,Rogers,Android,google_play_scraper,2025-05-22,https://play-lh.googleusercontent.com/EGemoI2NTXmTsBVtJqk8jxF9rh8ApRWfsIMQSt2uE4OcpQqbFu7f7NbTK05lx80nuSijCz7sc3a277R67g,0.0,"Hello Bogdan, we definitely don't want you to have problems when using the app. :( Are you able to disable/re-enable (if pre-installed) or uninstall/reinstall the app followed by a reboot to see if this resolves the issues? Please keep us posted on the results! ^yc",2020-05-16 10:47,5.14.1.1,False,False,The app has many problems and requires turning off the phone to open it.,Negative,App Crashes,Critical,success,54
042e9be6-5a38-41fc-84c7-57d5f955c99d,,Its perfect üëå,5.0,A Google user,5.14.1.1,2020-05-15 6:20,Rogers,Android,google_play_scraper,2025-05-22,https://play-lh.googleusercontent.com/EGemoI2NTXmTsBVtJqk8jxF9rh8ApRWfsIMQSt2uE4OcpQqbFu7f7NbTK05lx80nuSijCz7sc3a277R67g,0.0,"Hey Alireza, we are so ecstatic that you think so highly of or app! It truly means a lot to us! Please have a nice day and take care! :) ^yc",2020-05-15 10:44,5.14.1.1,False,False,The app is perfect according to the reviewer.,Positive,User Experience,None,success,47
37d2f453-d01d-4fc3-bd7b-9948ec71a16a,,Having hard time opening/signing in even if i have the right info.,1.0,A Google user,,2020-05-14 12:32,Rogers,Android,google_play_scraper,2025-05-22,https://play-lh.googleusercontent.com/EGemoI2NTXmTsBVtJqk8jxF9rh8ApRWfsIMQSt2uE4OcpQqbFu7f7NbTK05lx80nuSijCz7sc3a277R67g,0.0,"Hello Eileen, we're sorry to hear about your sign-in troubles! :( What happens when you attempt to log in to the app? Any error message? Does the same issue occur when logging into the website or any of our other apps? We'd like to help! :) ^yc",2020-05-15 9:33,,False,False,User is having difficulty opening and signing in to the app.,Negative,Login Issues,Major,success,50
2473a402-d85f-4679-bf0d-124e313e3492,,fast and easy to use and make any changes you need and chat is awesome too,5.0,A Google user,5.14.1.1,2020-05-13 20:52,Rogers,Android,google_play_scraper,2025-05-22,https://play-lh.googleusercontent.com/EGemoI2NTXmTsBVtJqk8jxF9rh8ApRWfsIMQSt2uE4OcpQqbFu7f7NbTK05lx80nuSijCz7sc3a277R67g,1.0,"Charlotte, we're glad to hear that our app was quick and easy for you to use. Thanks so much for the 5-star rating. =) ^tb",2020-05-14 12:29,5.14.1.1,False,False,Fast and easy to use with awesome chat feature.,Positive,User Experience,Minor,success,48
5ce99f18-4828-4af2-b683-f289a0c941ec,,Very satisfied.,5.0,A Google user,5.14.1.1,2020-05-12 19:37,Rogers,Android,google_play_scraper,2025-05-22,https://play-lh.googleusercontent.com/EGemoI2NTXmTsBVtJqk8jxF9rh8ApRWfsIMQSt2uE4OcpQqbFu7f7NbTK05lx80nuSijCz7sc3a277R67g,0.0,"Thanks so much, Aleksandra!! We appreciate your kind review of our app and we hope to keep you a happy customer! Have a great day! :) ^yc",2020-05-13 10:29,5.14.1.1,False,False,Very satisfied with the app.,Positive,User Experience,None,success,44
2110817b-742c-430c-b001-a68f15765181,,The best around,5.0,A Google user,5.14.1.1,2020-05-11 0:24,Rogers,Android,google_play_scraper,2025-05-22,https://play-lh.googleusercontent.com/EGemoI2NTXmTsBVtJqk8jxF9rh8ApRWfsIMQSt2uE4OcpQqbFu7f7NbTK05lx80nuSijCz7sc3a277R67g,0.0,"Aaron, thanks so much for your kind words and a 5-star rating! =) ^tb",2020-05-12 10:20,5.14.1.1,False,False,The best around,Positive,User Experience,None,success,42
2fa717f9-343e-4c65-9a53-213b049ca02c,,Hoping to have nothing but good luck with this appt,5.0,A Google user,5.14.1.1,2020-05-10 11:04,Rogers,Android,google_play_scraper,2025-05-22,https://play-lh.googleusercontent.com/EGemoI2NTXmTsBVtJqk8jxF9rh8ApRWfsIMQSt2uE4OcpQqbFu7f7NbTK05lx80nuSijCz7sc3a277R67g,0.0,"Leighann, thanks so much for the 5-star rating! We're glad that you like our app thus far. =) ^tb",2020-05-12 10:09,5.14.1.1,False,False,Hoping to have nothing but good luck with this app,Positive,User Experience,None,success,50
5189dbe8-b2b3-4b45-aa04-1c73c0130d21,,It's not working,1.0,A Google user,5.14.1.1,2020-05-07 18:17,Rogers,Android,google_play_scraper,2025-05-22,https://play-lh.googleusercontent.com/EGemoI2NTXmTsBVtJqk8jxF9rh8ApRWfsIMQSt2uE4OcpQqbFu7f7NbTK05lx80nuSijCz7sc3a277R67g,0.0,Oh no! What seems to be happening when you try to use the app? Please share more details about your experience so we can try to help. Thanks so much! :) ^yc,2020-05-08 10:28,5.14.1.1,False,False,The app is not working.,Negative,App Crashes,Critical,success,45
34c95438-f71b-4553-ad73-f55337b7355f,,Excellent app!,5.0,A Google user,5.14.1.1,2020-05-07 17:31,Rogers,Android,google_play_scraper,2025-05-22,https://play-lh.googleusercontent.com/EGemoI2NTXmTsBVtJqk8jxF9rh8ApRWfsIMQSt2uE4OcpQqbFu7f7NbTK05lx80nuSijCz7sc3a277R67g,0.0,Hooray! So happy that you like our app! Thanks for taking the time to leave your comment and for the 5-star rating. Cheers! :) ^yc,2020-05-08 10:27,5.14.1.1,False,False,Excellent app!,Positive,User Experience,None,success,43
39460f14-e66c-4060-8e04-411c3409f8fb,,Sporadic whether app works or not.,3.0,A Google user,5.14.1.1,2020-05-07 16:25,Rogers,Android,google_play_scraper,2025-05-22,https://play-lh.googleusercontent.com/EGemoI2NTXmTsBVtJqk8jxF9rh8ApRWfsIMQSt2uE4OcpQqbFu7f7NbTK05lx80nuSijCz7sc3a277R67g,0.0,"Hello Gwynne, thank you for your feedback on our app! We certainly want the app to work great with each use! Can you please provide some more details about the issues you've been having? Any error messages? Thanks so much! ^yc",2020-05-08 10:23,5.14.1.1,False,False,Sporadic whether app works or not.,Negative,Performance,Major,success,46
e3383c03-019a-4338-954e-1061bcd7d832,,Easy to use and navigate!,5.0,A Google user,5.14.1.1,2020-05-07 16:05,Rogers,Android,google_play_scraper,2025-05-22,https://play-lh.googleusercontent.com/EGemoI2NTXmTsBVtJqk8jxF9rh8ApRWfsIMQSt2uE4OcpQqbFu7f7NbTK05lx80nuSijCz7sc3a277R67g,0.0,"That is wonderful to hear, Lisa! So happy you have been getting good use out of our app! Thanks so much for the positive rating. :) ^yc",2020-05-08 10:22,5.14.1.1,False,False,Easy to use and navigate!,Positive,User Experience,Minor,success,45
33569c4f-2f9a-44de-b338-f47f48e9fd35,,Good app stalls some,4.0,A Google user,,2020-05-07 14:07,Rogers,Android,google_play_scraper,2025-05-22,https://play-lh.googleusercontent.com/EGemoI2NTXmTsBVtJqk8jxF9rh8ApRWfsIMQSt2uE4OcpQqbFu7f7NbTK05lx80nuSijCz7sc3a277R67g,0.0,"Hey Paul! Thanks for sharing your experience with our app! We are glad you are enjoying it! To help with any lag issues, try rebooting your device and ensure there are no other apps running in the background during use. Let us know if the issue improves! ^yc",2020-05-08 10:16,,False,False,Good app but experiences some stalling issues.,Mixed,Performance,Minor,success,45
0dad6b81-a923-4db5-bcde-d15a4f466903,,I like the app but since they've changed it it's hard to use,3.0,A Google user,5.13.4.4,2020-05-05 14:56,Rogers,Android,google_play_scraper,2025-05-22,https://play-lh.googleusercontent.com/EGemoI2NTXmTsBVtJqk8jxF9rh8ApRWfsIMQSt2uE4OcpQqbFu7f7NbTK05lx80nuSijCz7sc3a277R67g,0.0,Hey Justan! We appreciate your feedback! What specific aspects of the app would you like to see changed to make it a better experience for you? We'd love to pass along the information to our development team! Thanks so much. :) ^yc,2020-05-06 11:09,5.13.4.4,False,False,The app is hard to use since the recent changes.,Negative,User Experience,Major,success,49
80d9edb4-9f47-41c6-80d7-63aad12b001e,,Taking forever to download!,1.0,A Google user,5.13.4.4,2020-05-05 8:51,Rogers,Android,google_play_scraper,2025-05-22,https://play-lh.googleusercontent.com/EGemoI2NTXmTsBVtJqk8jxF9rh8ApRWfsIMQSt2uE4OcpQqbFu7f7NbTK05lx80nuSijCz7sc3a277R67g,0.0,"Hey Joyce, it should only take a few minutes at most! Did you have any success with downloading the app? :) ^yc",2020-05-06 10:01,5.13.4.4,False,False,"The app is taking a long time to download, indicating performance issues.",Negative,Performance,Major,success,51
b45703ec-233a-4d6c-8833-82a2465fb93b,,Very great app,5.0,A Google user,5.14.1.1,2020-05-04 17:59,Rogers,Android,google_play_scraper,2025-05-22,https://play-lh.googleusercontent.com/EGemoI2NTXmTsBVtJqk8jxF9rh8ApRWfsIMQSt2uE4OcpQqbFu7f7NbTK05lx80nuSijCz7sc3a277R67g,0.0,"That's awesome to hear, Edwin! So happy you like our app! Have a wonderful day and take care. :) ^yc",2020-05-06 9:34,5.14.1.1,False,False,Very great app,Positive,User Experience,None,success,42
ec64320f-888c-4017-9360-71947377007b,,Its crashing on me,5.0,A Google user,,2020-05-04 13:51,Rogers,Android,google_play_scraper,2025-05-22,https://play-lh.googleusercontent.com/EGemoI2NTXmTsBVtJqk8jxF9rh8ApRWfsIMQSt2uE4OcpQqbFu7f7NbTK05lx80nuSijCz7sc3a277R67g,0.0,"Thanks for reviewing our app, Loga! Oh my, we definitely want the app to work for you again!! Have you tried uninstalling/reinstalling or disabling/re-enabling the app followed by a device reboot to see if that helps? Let us know how it goes! :) ^yc",2020-05-06 9:15,,False,False,The app is crashing for the user.,Negative,App Crashes,Critical,success,48
2eabfccd-373a-4ddb-a713-e421d983080c,,Here I am again May 4 2020 Needs an update AGAIN. Every time i open this app it Always says needs to update. What a pain in the ass. Here i am again a month later Feb 23 - I choose to open this app and it needs to update again. Pain in the ass. Everytime. Once or twice a month I open this app. Each time since Dec 2019 it needs to update. Here I am AGAIN March 15 2020 go to use the APP and I need to upgrade before I can use it... That's 3 months in a row now. Did it get infected with covid19 ???,3.0,A Google user,5.13.4.4,2020-05-04 12:51,Rogers,Android,google_play_scraper,2025-05-22,https://play-lh.googleusercontent.com/EGemoI2NTXmTsBVtJqk8jxF9rh8ApRWfsIMQSt2uE4OcpQqbFu7f7NbTK05lx80nuSijCz7sc3a277R67g,21.0,"Darrell, I know how annoying it must be to have to update your app constantly. How often do you use the App? Updates are required from time to time but it should not be so often. Update: Thanks for your feedback about the frequency of updates. We will pass this along to the app developers to review. ^tb",2020-03-17 7:06,5.13.4.4,False,False,"The app constantly requires updates, which is a frustrating experience for the user.",Negative,Performance,Major,success,53
d060fde5-1415-4cca-8f72-850bcf453140,,App asked for upgrade which I did after upgrade could not access. I have since deleted. Useless.,1.0,A Google user,5.4.1.3,2020-05-04 10:13,Rogers,Android,google_play_scraper,2025-05-22,https://play-lh.googleusercontent.com/EGemoI2NTXmTsBVtJqk8jxF9rh8ApRWfsIMQSt2uE4OcpQqbFu7f7NbTK05lx80nuSijCz7sc3a277R67g,0.0,"We're really disappointed to hear this, Steve. :( What happened when you were attempting to login to the app? What error messages did you receive and how far did you get? We'd like to look into this issue for you. Thanks! ^yc",2020-05-06 8:39,5.4.1.3,False,False,"App asked for upgrade, but after upgrade could not access. Useless.",Negative,App Crashes,Critical,success,55
53589b9c-535a-4c8a-add6-edbcf9fc43d2,,How is a Technology company like Roger's have an app that keeps failing..,1.0,A Google user,5.14.1.1,2020-05-04 8:01,Rogers,Android,google_play_scraper,2025-05-22,https://play-lh.googleusercontent.com/EGemoI2NTXmTsBVtJqk8jxF9rh8ApRWfsIMQSt2uE4OcpQqbFu7f7NbTK05lx80nuSijCz7sc3a277R67g,0.0,"T Time, trying to use an app that keeps failing can become quite frustrating. We definitely want to look into this for you. Have you noticed issues only after updating your app? If yes, please uninstall/reinstall or disable/enable the app on your device and let us know if issues are persistent. ^tb",2020-05-04 12:39,5.14.1.1,False,False,"The app keeps failing, which is unacceptable for a technology company like Rogers.",Negative,App Crashes,Critical,success,57
399b9255-b706-41f5-91b2-ecf2b93528b1,,"Pages don't load more than half of the time. Billing information incorrect. Unable to contact customer support via app. Overall, pretty disappointed with Rogers so far.",2.0,A Google user,5.14.1.1,2020-05-04 7:54,Rogers,Android,google_play_scraper,2025-05-22,https://play-lh.googleusercontent.com/EGemoI2NTXmTsBVtJqk8jxF9rh8ApRWfsIMQSt2uE4OcpQqbFu7f7NbTK05lx80nuSijCz7sc3a277R67g,0.0,"Jesse, we're sad to hear that our app has not lived up to your expectations. We'll definitely pass along your feedback to the app developers to review for future versions. Please reach out to us at https://communityforums.rogers.com so we can address any billing concerns you may have. ^tb",2020-05-04 12:29,5.14.1.1,False,False,"Pages don't load, billing information incorrect, and unable to contact customer support.",Negative,Billing,Major,success,54
222816bb-717f-4f28-97cf-0d5e3053262b,,Lost my rogers data and billing.because of your wanting me to update.Can.t get the app back.not happy,1.0,A Google user,3.9.4,2020-05-04 6:07,Rogers,Android,google_play_scraper,2025-05-22,https://play-lh.googleusercontent.com/EGemoI2NTXmTsBVtJqk8jxF9rh8ApRWfsIMQSt2uE4OcpQqbFu7f7NbTK05lx80nuSijCz7sc3a277R67g,0.0,"Leroy, it's disappointing to hear that you are not able to use the app after updating it. What do you notice is happening after trying to update the app? If you are still having issues, please uninstall/reinstall or disable/enable the app on your device and let us know if it is still not working for you. ^tb",2020-05-04 12:26,3.9.4,False,False,"Lost Rogers data and billing due to app update, unable to get the app back.",Negative,Billing,Critical,success,55
e6e42aad-eff7-410e-94ee-c4c5034ccb95,,disgusting app super slow and annoying and doesn't open's up all the time . super disappointed by this app thingy,1.0,A Google user,5.14.1.1,2020-05-02 22:46,Rogers,Android,google_play_scraper,2025-05-22,https://play-lh.googleusercontent.com/EGemoI2NTXmTsBVtJqk8jxF9rh8ApRWfsIMQSt2uE4OcpQqbFu7f7NbTK05lx80nuSijCz7sc3a277R67g,0.0,"Raghda, I can imagine how frustrating it is using an app that is slow or inconsistent. Do you notice issues when connecting to Wi-Fi & Cellular Data or is it mostly via Wi-Fi? Have you tried any troubleshooting steps like an uninstall/reinstall or disable/enable of the app on your device? Are issues persistent after reinstalling/re-enabling? ^tb",2020-05-04 12:03,5.14.1.1,False,False,"Slow, annoying app that often doesn't open.",Negative,Performance,Major,success,49
28c2c583-273a-4fa4-b480-84a3e8325ba4,,Gets the job done.,3.0,A Google user,5.14.1.1,2020-05-01 13:43,Rogers,Android,google_play_scraper,2025-05-22,https://play-lh.googleusercontent.com/EGemoI2NTXmTsBVtJqk8jxF9rh8ApRWfsIMQSt2uE4OcpQqbFu7f7NbTK05lx80nuSijCz7sc3a277R67g,0.0,"Robert, we're glad that our app is meeting your needs. Is there anything we can do to exceed them and gain a 4 or 5-star rating from you? Our app developers are very receptive to customer feedback. We look forward to your response. ^tb",2020-05-04 11:36,5.14.1.1,False,False,Gets the job done.,Neutral,User Experience,Minor,success,43
4e5924cb-878d-481c-8f42-6f924ca638fa,,I just want to see my account....to know my outstanding balance so I can pay it. Keeps going to upgrade and store....help,1.0,A Google user,5.14.0.91,2020-05-01 9:11,Rogers,Android,google_play_scraper,2025-05-22,https://play-lh.googleusercontent.com/EGemoI2NTXmTsBVtJqk8jxF9rh8ApRWfsIMQSt2uE4OcpQqbFu7f7NbTK05lx80nuSijCz7sc3a277R67g,0.0,"Bev, I can understand how annoying it can become to have to update your app often. We will definitely pass along this feedback. Ensuring your app is updated is important otherwise you can run into issues. Please ensure you are using the version: 5.14.1.1 for the best experience. ^tb",2020-05-04 11:20,5.14.0.91,False,False,"User unable to access account balance to make payment, app keeps redirecting to upgrade and store.",Negative,Billing,Major,success,57
e1c3e150-dfe7-403a-afff-9dade3149425,,Worst app ever I can't update haven't been able to log in for 3 days,1.0,A Google user,5.13.4.4,2020-04-30 21:58,Rogers,Android,google_play_scraper,2025-05-22,https://play-lh.googleusercontent.com/EGemoI2NTXmTsBVtJqk8jxF9rh8ApRWfsIMQSt2uE4OcpQqbFu7f7NbTK05lx80nuSijCz7sc3a277R67g,0.0,"Diane, we're disappointed to hear that you have not been able to update the app. If you have not already, please uninstall/reinstall or disable/enable the app on your device. Let us know if you are still having issues. ^tb",2020-05-04 11:06,5.13.4.4,False,False,"Worst app ever, unable to log in for 3 days",Negative,Login Issues,Critical,success,53
71dddb38-b38a-44ea-9c89-24550dc2e6d2,,App keeps crashing when I open it. I can't access it. Edit: I already have the updated version. The app still keeps crashing. I had been checking my account through the website since.,1.0,A Google user,5.14.1.1,2020-04-30 20:40,Rogers,Android,google_play_scraper,2025-05-22,https://play-lh.googleusercontent.com/EGemoI2NTXmTsBVtJqk8jxF9rh8ApRWfsIMQSt2uE4OcpQqbFu7f7NbTK05lx80nuSijCz7sc3a277R67g,0.0,"C I, trying to use an app that is crashing constantly is a major pain to deal with. Please ensure you are using the latest version available in the Google Play Store: App version 633 (5.14.1.1). UPDATE: Sorry to hear it's still giving you troubles. Have you tried clearing your cache and rebooting your device? This may be helpful. ^yc",2020-05-01 10:52,5.14.1.1,False,False,"App keeps crashing, unable to access account.",Negative,App Crashes,Critical,success,49
e8018e61-14a1-431e-abeb-702872801bf4,,It seem that you have to do a update every week to open the appt. And takes for ever to install,1.0,A Google user,5.14.1.1,2020-04-30 8:04,Rogers,Android,google_play_scraper,2025-05-22,https://play-lh.googleusercontent.com/EGemoI2NTXmTsBVtJqk8jxF9rh8ApRWfsIMQSt2uE4OcpQqbFu7f7NbTK05lx80nuSijCz7sc3a277R67g,1.0,"Hi Mel, thanks for the feedback! The updates shouldn't be happening every week, that's really odd! How long has this been happening? What happens when you try to open the app? Are there any error messages? Thanks so much! ^yc",2020-05-01 10:31,5.14.1.1,False,False,The app requires frequent updates and takes a long time to install.,Negative,Performance,Major,success,50
98de33b7-8711-430c-80b9-9d471267639a,,Since update the new security process rarely let's me in. I just want to check my data not spend 5 mins logging in picking buses cars and lights.,4.0,A Google user,5.14.1.1,2020-04-30 8:03,Rogers,Android,google_play_scraper,2025-05-22,https://play-lh.googleusercontent.com/EGemoI2NTXmTsBVtJqk8jxF9rh8ApRWfsIMQSt2uE4OcpQqbFu7f7NbTK05lx80nuSijCz7sc3a277R67g,1.0,"Hi William! Just to clarify, please be sure that every square is void of the item in question before tapping ""verify"". Please let us know if this helps get you in faster and with fewer hassles. Thank you! :) ^yc",2020-04-07 11:07,5.14.1.1,False,False,"The new security process is frustrating, making it difficult to quickly access account data.",Negative,Login Issues,Major,success,55
2234e9aa-0b3a-4e7d-a5f1-ac0feba89251,,"Lags out sometimes, wpild be better if live chat was an in app thing.",4.0,A Google user,5.14.1.1,2020-04-30 4:37,Rogers,Android,google_play_scraper,2025-05-22,https://play-lh.googleusercontent.com/EGemoI2NTXmTsBVtJqk8jxF9rh8ApRWfsIMQSt2uE4OcpQqbFu7f7NbTK05lx80nuSijCz7sc3a277R67g,0.0,Thanks for taking the time to share your comments with us! With every new app version we are introducing new features and improving existing ones. We are sure that your feedback will only help us improve further. :) ^mg,2020-04-30 16:42,5.14.1.1,False,False,The app sometimes lags and could benefit from having a live chat feature within the app.,Negative,Performance,Minor,success,55
3545b392-b263-4fce-9657-4aa7e8b7d017,,Decent app.,3.0,A Google user,5.13.4.4,2020-04-29 11:15,Rogers,Android,google_play_scraper,2025-05-22,https://play-lh.googleusercontent.com/EGemoI2NTXmTsBVtJqk8jxF9rh8ApRWfsIMQSt2uE4OcpQqbFu7f7NbTK05lx80nuSijCz7sc3a277R67g,0.0,We're glad that our app has met your needs. Is there anything we can do to exceed them and gain a 4 or 5-star rating from you? Our app developers are very receptive to customer feedback. We look forward to your response! ^tb,2020-04-30 12:02,5.13.4.4,False,False,Decent app.,Neutral,User Experience,Minor,success,42
56276850-9d2b-4224-90e8-6843bca23470,,the app was easy to follow,4.0,A Google user,5.14.1.1,2020-04-29 6:37,Rogers,Android,google_play_scraper,2025-05-22,https://play-lh.googleusercontent.com/EGemoI2NTXmTsBVtJqk8jxF9rh8ApRWfsIMQSt2uE4OcpQqbFu7f7NbTK05lx80nuSijCz7sc3a277R67g,0.0,"Jeanne, we're quite pleased to see that our app has been easy for you to use. Is there anything we can do to gain a 5-star rating from you? Our app developers are very receptive to customer feedback. ^tb",2020-04-30 12:00,5.14.1.1,False,False,The app was easy to follow.,Positive,User Experience,Minor,success,45
454eeec9-2814-4020-958f-538d9d2c413d,,Very hard to log in.,2.0,A Google user,5.14.1.1,2020-04-29 5:11,Rogers,Android,google_play_scraper,2025-05-22,https://play-lh.googleusercontent.com/EGemoI2NTXmTsBVtJqk8jxF9rh8ApRWfsIMQSt2uE4OcpQqbFu7f7NbTK05lx80nuSijCz7sc3a277R67g,0.0,"Joanne, login issues are never fun to deal with. What do you notice is happening when you try to login? Do you have issues over Wi-Fi and Cellular Data or is it mainly over Wi-Fi? ^tb",2020-04-30 11:58,5.14.1.1,False,False,Very hard to log in.,Negative,Login Issues,Major,success,44
09bf5c23-e758-4015-9e02-06aa194e8810,,The worst app I have ever used,1.0,A Google user,5.14.1.1,2020-04-28 16:37,Rogers,Android,google_play_scraper,2025-05-22,https://play-lh.googleusercontent.com/EGemoI2NTXmTsBVtJqk8jxF9rh8ApRWfsIMQSt2uE4OcpQqbFu7f7NbTK05lx80nuSijCz7sc3a277R67g,0.0,"Krishna, we're disappointed to see that our app has not performed well for you. What aspects of the app did you dislike or feel needs work? We'll pass along all of your feedback to our app developers to review. ^tb",2020-04-30 11:45,5.14.1.1,False,False,The worst app I have ever used,Negative,User Experience,Critical,success,46
4146f2b0-b8cb-4f9c-80f7-37e2404b01ee,,Got a lot better!,5.0,A Google user,5.8.0.6,2020-04-28 14:07,Rogers,Android,google_play_scraper,2025-05-22,https://play-lh.googleusercontent.com/EGemoI2NTXmTsBVtJqk8jxF9rh8ApRWfsIMQSt2uE4OcpQqbFu7f7NbTK05lx80nuSijCz7sc3a277R67g,0.0,"Harold, we're happy that you've noticed an improvement in our app. Thanks so much for the 5-star rating. =) ^tb",2020-04-30 11:26,5.8.0.6,False,False,The app has improved significantly.,Positive,User Experience,Minor,success,44
8401286f-150f-4a1c-be98-5745fe36d6db,,"App is good and quite useful, although after the last update, it crashes as soon as the app is launched. Can you guys please fix this? I just uninstalled and reinstalled the app, but it still crashes.",5.0,A Google user,5.14.1.1,2020-04-28 12:39,Rogers,Android,google_play_scraper,2025-05-22,https://play-lh.googleusercontent.com/EGemoI2NTXmTsBVtJqk8jxF9rh8ApRWfsIMQSt2uE4OcpQqbFu7f7NbTK05lx80nuSijCz7sc3a277R67g,1.0,"Ayodele, we're disappointed to hear that the recent update has not worked well for you. Update: It sounds like there could be an issue with your MyRogers profile. Please reach out to us at https://communityforums.rogers.com so we can look into this for you. ^tb",2020-04-30 11:26,5.14.1.1,False,False,"App is good and useful, but crashes after last update.",Negative,App Crashes,Critical,success,51
f53d520c-f337-4170-b68f-eec007171438,,Too slow hard to sign in and confusing,1.0,A Google user,5.14.1.1,2020-04-28 10:32,Rogers,Android,google_play_scraper,2025-05-22,https://play-lh.googleusercontent.com/EGemoI2NTXmTsBVtJqk8jxF9rh8ApRWfsIMQSt2uE4OcpQqbFu7f7NbTK05lx80nuSijCz7sc3a277R67g,0.0,"Gerry, it's disappointing to hear that the app is not working well for you. Do you notice issues only when connected to Wi-Fi or does it happen via Cellular Data also? ^tb",2020-04-30 11:15,5.14.1.1,False,False,"Slow app, hard to sign in, and confusing.",Negative,Performance,Major,success,50
af3fec35-9d2e-4cfa-8bab-5577b7d29dca,,Works ok. Wish it would remember my password,4.0,A Google user,5.14.1.1,2020-04-28 9:52,Rogers,Android,google_play_scraper,2025-05-22,https://play-lh.googleusercontent.com/EGemoI2NTXmTsBVtJqk8jxF9rh8ApRWfsIMQSt2uE4OcpQqbFu7f7NbTK05lx80nuSijCz7sc3a277R67g,0.0,"Candace, we're glad that our app is working well for you. The recent update should have fixed the issues with the remember me feature. If you are still having issues, please uninstall/reinstall or disable/enable the app on your device. Let us know if issues are persistent. ^tb",2020-04-30 11:13,5.14.1.1,False,False,"Works ok, but wishes it would remember password.",Neutral,User Experience,Minor,success,48
b2ae3274-e929-408c-9f90-cade079c6465,,Great app for tracking data usage for the family!,4.0,A Google user,5.14.1.1,2020-04-27 17:41,Rogers,Android,google_play_scraper,2025-05-22,https://play-lh.googleusercontent.com/EGemoI2NTXmTsBVtJqk8jxF9rh8ApRWfsIMQSt2uE4OcpQqbFu7f7NbTK05lx80nuSijCz7sc3a277R67g,0.0,"CAAS, we're glad that you find our app useful! Is there anything we can do to gain a 5-star rating from you? Our app developers are very receptive to customer feedback. We look forward to your response. ^tb",2020-04-28 12:33,5.14.1.1,False,False,Great app for tracking data usage for the family!,Positive,Features,Minor,success,48
c72bdc45-a6a4-4044-a23c-b70d79c4330c,,This stupid app just keeps loading and never works.,1.0,A Google user,5.7.0.9,2020-04-27 9:08,Rogers,Android,google_play_scraper,2025-05-22,https://play-lh.googleusercontent.com/EGemoI2NTXmTsBVtJqk8jxF9rh8ApRWfsIMQSt2uE4OcpQqbFu7f7NbTK05lx80nuSijCz7sc3a277R67g,0.0,"GodSpeed, I can imagine how annoying it is to try to use an app that is constantly loading. It sounds like the app version you are using is out of date. Please uninstall and then reinstall the app on your device or try to update the app via the Play Store. Let us know if issues are persistent after updating. ^tb",2020-04-28 12:17,5.7.0.9,False,False,The app keeps loading and never works.,Negative,Performance,Critical,success,45
918071c9-21c8-446f-8e89-cf7fad28b048,,Helpful in COVID times,4.0,A Google user,5.14.1.1,2020-04-26 12:31,Rogers,Android,google_play_scraper,2025-05-22,https://play-lh.googleusercontent.com/EGemoI2NTXmTsBVtJqk8jxF9rh8ApRWfsIMQSt2uE4OcpQqbFu7f7NbTK05lx80nuSijCz7sc3a277R67g,0.0,"Steve, we're glad to hear that our app is helping you stay safe during these difficult times. Is there anything we can do to gain a 5-star rating from you? Our app developers are very receptive to customer feedback. We look forward to your response! =) ^tb",2020-04-28 12:02,5.14.1.1,False,False,Helpful app during COVID-19 pandemic,Positive,Features,Minor,success,47
7ccb8e26-fa71-44f0-9468-d05e2e817123,,Easy to use. Great service,5.0,A Google user,5.14.1.1,2020-04-24 13:40,Rogers,Android,google_play_scraper,2025-05-22,https://play-lh.googleusercontent.com/EGemoI2NTXmTsBVtJqk8jxF9rh8ApRWfsIMQSt2uE4OcpQqbFu7f7NbTK05lx80nuSijCz7sc3a277R67g,0.0,"Dave, we're thrilled that our app has been easy for you to use. Thanks so much for the 5-star rating! =) ^tb",2020-04-28 11:14,5.14.1.1,False,False,Easy to use app with great service.,Positive,User Experience,Minor,success,46
1227123f-3e05-4020-9486-b7298e14b673,,Worked fine before now stuck waiting to log in on both wifi and cell. Provide cell number it fails to retrieve account information to send code. Stuck in this loop. Luckily android tracks my data usage. I guess I'll wait for my paper bill. Edit: started working again without any changes from me,3.0,A Google user,5.14.1.1,2020-04-24 11:45,Rogers,Android,google_play_scraper,2025-05-22,https://play-lh.googleusercontent.com/EGemoI2NTXmTsBVtJqk8jxF9rh8ApRWfsIMQSt2uE4OcpQqbFu7f7NbTK05lx80nuSijCz7sc3a277R67g,1.0,"Asad, I know how important it is to have consistent access to the app to manage your data usage and avoid overages. Did you recently update the app? Update: We're glad to hear that the app is working better for you again. Thanks so much for taking the time to update your review. =) ^tb",2020-04-28 11:11,5.14.1.1,False,False,"App is stuck in a login loop, unable to retrieve account information or receive a code.",Negative,Login Issues,Major,success,56
d51e93fe-4c0d-43f1-ad62-fb7df51eca80,,The application does not remember the user name and password. Every time you have type it.,1.0,A Google user,,2020-04-24 4:59,Rogers,Android,google_play_scraper,2025-05-22,https://play-lh.googleusercontent.com/EGemoI2NTXmTsBVtJqk8jxF9rh8ApRWfsIMQSt2uE4OcpQqbFu7f7NbTK05lx80nuSijCz7sc3a277R67g,0.0,"Hello there Abdul! With the latest update, this issue should have been resolved. Can you kindly try removing/readding the app, followed by a device reboot to see if this resolves the issue? Thank you kindly. :) ^yc",2020-04-24 11:18,,False,False,"The app does not remember user login credentials, requiring manual entry every time.",Negative,Login Issues,Major,success,53
407b4d6e-4f8d-4c68-9342-48a68d4895d7,,like,5.0,A Google user,5.14.1.1,2020-04-23 11:20,Rogers,Android,google_play_scraper,2025-05-22,https://play-lh.googleusercontent.com/EGemoI2NTXmTsBVtJqk8jxF9rh8ApRWfsIMQSt2uE4OcpQqbFu7f7NbTK05lx80nuSijCz7sc3a277R67g,0.0,Thanks for the 5-star review Lonleyfren Ok! We value your feedback. :) ^mg,2020-04-23 17:55,5.14.1.1,False,False,Positive review for the Rogers app.,Positive,User Experience,Minor,success,46
b5869665-245c-4f85-acd6-80e808a07954,,The app just crash when I try starting it...,1.0,A Google user,5.14.1.1,2020-04-23 10:48,Rogers,Android,google_play_scraper,2025-05-22,https://play-lh.googleusercontent.com/EGemoI2NTXmTsBVtJqk8jxF9rh8ApRWfsIMQSt2uE4OcpQqbFu7f7NbTK05lx80nuSijCz7sc3a277R67g,0.0,"Hi Olivier, thanks for bringing this up to our attention. Have you tried clearing the app cache? It seems to fix the issue for many users. Don't forget to reboot your phone before trying again. If it doesn't work, could you let us know whether it happens on wi-fi or data and if you get an error message when that happens? Let us know! ^mg",2020-04-23 17:37,5.14.1.1,False,False,The app crashes when trying to start it.,Negative,App Crashes,Critical,success,48
77ab8dec-7535-4d48-acd3-5755eef14828,,Trying to change password,1.0,A Google user,5.14.1.1,2020-04-23 4:04,Rogers,Android,google_play_scraper,2025-05-22,https://play-lh.googleusercontent.com/EGemoI2NTXmTsBVtJqk8jxF9rh8ApRWfsIMQSt2uE4OcpQqbFu7f7NbTK05lx80nuSijCz7sc3a277R67g,0.0,"Louise, I know how important it is to be able to change your password easily so we definitely want to help you with this. What seems to be happening when you try to change your password using the Forgot Password feature? ^tb",2020-04-23 12:33,5.14.1.1,False,False,Trying to change password,Negative,Login Issues,Major,success,44
823cc960-8adf-4a97-988f-1b3baf8b0e53,,App crashes right away,1.0,A Google user,5.14.1.1,2020-04-23 1:05,Rogers,Android,google_play_scraper,2025-05-22,https://play-lh.googleusercontent.com/EGemoI2NTXmTsBVtJqk8jxF9rh8ApRWfsIMQSt2uE4OcpQqbFu7f7NbTK05lx80nuSijCz7sc3a277R67g,0.0,"Gabriel, trying to use an app that crashes often is a major pain. Did they start happening after the latest update? If yes, it sounds like the update was not installed properly on your device. Please uninstall/reinstall or disable/enable the app on your device and let us know if issues are ongoing. ^tb",2020-04-23 12:06,5.14.1.1,False,False,App crashes right away,Negative,App Crashes,Critical,success,44
0908d2a2-7515-4bd5-ba4d-87ad070c6959,,very gold standard,4.0,A Google user,5.12.0.5,2020-04-22 17:16,Rogers,Android,google_play_scraper,2025-05-22,https://play-lh.googleusercontent.com/EGemoI2NTXmTsBVtJqk8jxF9rh8ApRWfsIMQSt2uE4OcpQqbFu7f7NbTK05lx80nuSijCz7sc3a277R67g,0.0,"John, we're glad to hear that our app is working so well for you. What can we do to gain a 5-star rating from you? Our app developers are very receptive to customer feedback. We look forward to your response. =) ^tb",2020-04-23 11:55,5.12.0.5,False,False,The app is considered the 'gold standard'.,Positive,User Experience,Minor,success,49
4229e53a-cd39-491e-9d74-2c7a455624f0,,"Not showing correct plan. I subscribed to unlimited monthly plan, but the main page is showing that my 0 mb is remaining and giving warning sign and threating that it could cost me $200 charges.",3.0,A Google user,5.14.1.1,2020-04-21 19:38,Rogers,Android,google_play_scraper,2025-05-22,https://play-lh.googleusercontent.com/EGemoI2NTXmTsBVtJqk8jxF9rh8ApRWfsIMQSt2uE4OcpQqbFu7f7NbTK05lx80nuSijCz7sc3a277R67g,0.0,"Habib, I know how important it is that the app is showing the correct plan that you subscribe to. Did you recently change your plan or make any changes to your service? Update: Oh no, that doesn't sound right. Please reach out to us on Social Media via @RogersHelps on Twitter or on Facebook.com/Rogers so we can take a closer look. ^tb",2020-04-23 10:39,5.14.1.1,False,False,"The app is not showing the correct plan, leading to confusion and potential charges.",Negative,Billing,Major,success,54
a54a3a6c-269b-4494-92ab-72c929f3aee9,,The App don't work after the new update,1.0,A Google user,5.14.1.1,2020-04-21 16:41,Rogers,Android,google_play_scraper,2025-05-22,https://play-lh.googleusercontent.com/EGemoI2NTXmTsBVtJqk8jxF9rh8ApRWfsIMQSt2uE4OcpQqbFu7f7NbTK05lx80nuSijCz7sc3a277R67g,0.0,"Lawrence, it's disappointing to hear that the app is no longer working since you did the recent update. It may not have installed properly on your device. Please uninstall/reinstall or disable/enable the app on your device and let us know if issues are persistent. ^tb",2020-04-23 10:30,5.14.1.1,False,False,The app doesn't work after the new update.,Negative,App Crashes,Critical,success,49
2ec9aece-d699-4bf7-b7bf-de3993865f9a,,Great dash board,5.0,A Google user,5.14.1.1,2020-04-21 7:05,Rogers,Android,google_play_scraper,2025-05-22,https://play-lh.googleusercontent.com/EGemoI2NTXmTsBVtJqk8jxF9rh8ApRWfsIMQSt2uE4OcpQqbFu7f7NbTK05lx80nuSijCz7sc3a277R67g,0.0,"Roger, thanks so much for the 5-star rating! =) ^tb",2020-04-21 12:33,5.14.1.1,False,False,Great dashboard app,Positive,User Experience,Minor,success,42
6e92d7be-294d-4a0c-9cf7-3aad4d2b177b,,"Works amazing, pay bills, see your account, and very fast.",5.0,A Google user,5.14.0.91,2020-04-20 17:09,Rogers,Android,google_play_scraper,2025-05-22,https://play-lh.googleusercontent.com/EGemoI2NTXmTsBVtJqk8jxF9rh8ApRWfsIMQSt2uE4OcpQqbFu7f7NbTK05lx80nuSijCz7sc3a277R67g,1.0,"majorlifts, we're thrilled that our app has been so useful to you. Thanks so much for the 5-star rating! =) ^tb",2020-04-21 12:30,5.14.0.91,False,False,"Works amazing, pay bills, see your account, and very fast.",Positive,Features,Minor,success,51
38848062-bd87-4102-bed3-521d68c80604,,Gliching,2.0,A Google user,3.7.2,2020-04-20 14:21,Rogers,Android,google_play_scraper,2025-05-22,https://play-lh.googleusercontent.com/EGemoI2NTXmTsBVtJqk8jxF9rh8ApRWfsIMQSt2uE4OcpQqbFu7f7NbTK05lx80nuSijCz7sc3a277R67g,0.0,"Viktor, trying to use an app that glitches often is never a fun experience. What do you notice is happening when the app is not working properly? Do you get an error message of any kind? Does it happen when performing specific tasks? ^tb",2020-04-21 12:13,3.7.2,False,False,Glitching issues with the app.,Negative,App Crashes,Major,success,48
d1d8bfbc-6e88-4236-be8b-774ad4817001,,"One among the worst apps ever built. Everytime I open the App, I see ""What's New"" replay, even if there is nothing new. Nothing you need is accessible in the app. You have to go to their website. Funnily you guys suggest reinstall. I have a Huawei P20 Lite, which comes preloaded with MyRogers app. There is no provision to uninstall it. I have already uninstalled all thr updates and reinstalled. I will wait until the next app update to see if it replays the Whats New again.",1.0,A Google user,5.14.1.1,2020-04-19 17:58,Rogers,Android,google_play_scraper,2025-05-22,https://play-lh.googleusercontent.com/EGemoI2NTXmTsBVtJqk8jxF9rh8ApRWfsIMQSt2uE4OcpQqbFu7f7NbTK05lx80nuSijCz7sc3a277R67g,16.0,"Hi Sudhir, if you have tried the recommended steps and still no luck, please feel free to post a new message here: https://roge.rs/2F4tbNN to receive guidance for your issue! Thanks so much! ^yc  :) ^yc",2020-04-21 10:54,5.14.1.1,False,False,Terrible app experience with constant 'What's New' notifications and lack of functionality.,Negative,User Experience,Critical,success,56
